U0023,21.735537190082653,10.816668150934904,121.99994293514976,5.612925131236926
U0030,20.166284273414963,6.821558023514263,52.769788350630385,2.616733337444635
U0042,9.284595300261099,44.123650571790314,268.8630775275869,28.957974885564045
U0044,81.34104811755057,7.60092502095225,262.91845669416335,3.2322973797215515
U0045,67.51207547848844,15.930290394272173,349.8055229043757,5.181377115503363
U0046,112.95143358007725,4.760007123033102,196.8328554693681,1.7426326451166543
U0047,39.35280539991189,6.05788309748017,126.71329642754732,3.2199304506974498
U0048,55.074113281991615,3.328542331458349,67.53722893770384,1.2262971641848925
U0049,24.42953020134229,25.23809063456946,303.57559608048143,12.426583465931792
U0052,14.731113891501835,21.504522305273284,151.56738664486946,10.28892911705112
U0055,80.51823771439139,6.583031728474373,89.03184057178285,1.10573508684567
U0056,20.120933031494566,18.354832598681984,165.59632627557954,8.230052056551136
U0057,25.386777414212602,6.033121384381463,74.75260740638733,2.9445488959357884
U0058,24.915094806673608,19.461441647180408,293.84763716693413,11.793960225598896
U0060,32.64116923338,10.050153869726708,158.96015541089844,4.869928349513296
U0065,26.716254306295014,18.27440598667034,220.7228067864451,8.26174224335173
U0066,79.03614457831323,12.333994092246915,201.28953984204023,2.5468036290989855
U0067,21.557260687523588,23.606164787969405,277.5180499845926,12.873530362102457
U0070,59.86622073578596,7.650549617314926,155.97661672996495,2.6054194638133805
U0071,14.59485082075895,24.05640583119896,177.09997616785628,12.134414962019246
U0072,59.32111334303801,4.659164616252869,72.13337686541782,1.215981508106396
U0073,24.342614009537698,27.337208478234086,301.99982592217117,12.406220047027176
U0074,63.77264653641207,18.959585981755044,247.2963629945839,3.8777810930801793
U0075,34.217323659310786,6.364148629366009,88.71047261428593,2.5925602334520153
U0076,48.6070693709583,18.030717901414913,201.69599455000306,4.149519754229663
U0077,86.4241930293775,5.629869042938674,199.40947359238862,2.3073339374381536
U0080,28.844588744892295,7.8585584134374615,112.87181264870105,3.9131018177088075
U0081,16.60675800379147,21.32592176737687,197.7744542471479,11.909275380660949
U0082,22.45349668788061,21.46785924018118,230.84511706216804,10.281031960013957
U0084,39.50777721731077,7.532188204669565,174.58324945766967,4.418959044377067
U0085,43.16975856947316,27.83564526002528,444.4045570535274,10.294348909511422
U0086,26.9053418682377,17.077917830697338,92.4190074926591,3.434968711613422
U0087,67.44390107231095,14.286049678788313,441.4366453664072,6.545241872843544
U0088,44.801772295322344,9.135639589169505,137.56166703454457,3.070451457316725
U0092,39.55784491936109,16.828700480042496,275.65774873761865,6.968472354840075
U0093,21.890130353817497,12.482694538571906,83.05176842980627,3.7940280431140776
U0095,58.14716612418925,5.243659779342791,89.21862666639737,1.5343589827894017
U0096,16.28652831697947,12.654849742699037,110.14982643288712,6.763247776878929
U0097,21.766996922225673,32.39311990172857,440.4157028281818,20.233186249890338
U0098,16.6620081943315,10.817745581021924,91.77893675210244,5.508275814155829
U0099,78.2185880153043,8.682941226468277,271.6935364745802,3.4735162493782226
U0101,62.56034142203053,8.123891745003466,157.69162339410136,2.5206323976130105
U0102,101.41560798548093,14.857888689552281,528.6447361393562,5.212656578611046
U0103,41.12094084305862,9.363692027926332,163.311375473808,3.971489273484744
U0105,41.39089493466295,9.450551336921302,137.76627751268313,3.328419879061621
U0106,41.969121953606034,5.449122194829382,95.16014231567225,2.267384636277719
U0108,114.46539192451624,4.583530982142532,298.95476271723373,2.6117480374712585
U0109,27.70642544924192,11.881298317620214,130.42793859848632,4.707497863173648
U0110,17.438735728209423,25.306784595271704,232.04182350920584,13.30611502609378
U0111,30.93747828398783,12.021030168009343,171.60212285209815,5.54673917754032
U0112,39.12269681742044,25.305797852764677,246.0572123843567,6.289372471756422
U0113,26.43793522344659,14.52530733275471,108.030689916565,4.086199962422086
U0115,44.84683823103228,10.41356641525941,135.7667552253409,3.027342853601562
U0116,42.594890315198555,17.923739287529347,355.10210887655313,8.336730209863855
U0117,39.208774999142406,18.160569699862876,220.4975454446798,5.623678512004076
U0118,43.42322643343051,10.769277019969387,171.09963558590258,3.9402791924779
U0119,20.407302286895156,21.537578299731408,233.11200899150884,11.422970352196188
U0120,63.43202861952863,7.392259750242823,124.0515255194283,1.9556607004247208
U0121,18.807830042586147,18.306316934756293,182.59955597998183,9.708698747624036
U0122,10.731447846393362,23.680519349407156,82.26860804590557,7.66612382816122
U0123,35.72694093051274,8.399654492230148,149.94032803362543,4.196842050520152
U0124,101.28356264331876,7.589785456917301,300.60362682149344,2.967940887704575
U0125,29.91326165106574,14.42946563466303,97.5121180242169,3.259829007003079
U0127,34.50962616441428,5.751010978244855,81.2669297404313,2.354906116723812
U0128,26.878624562484696,7.381020823202588,106.47359560141498,3.961273961541298
U0129,28.169455362499846,17.226345573152027,269.1342312073027,9.554115539116298
U0130,56.9373836286168,3.577743882700447,35.88988116723752,0.6303394866426426
U0131,88.43371898947557,12.872985763015548,150.77759750576362,1.7049785899392917
U0132,98.6975079168388,11.45042184711526,268.5100668855671,2.720535427417378
U0133,31.824298180620733,12.382429716114126,161.63160008123103,5.078873983768034
U0134,86.03680981595092,6.99561812213424,218.8108608246646,2.5432237816899836
U0135,66.17613830855215,5.273265404470271,112.46149384099171,1.6994266621698284
U0136,25.30032815852581,14.676398726756998,167.1890270941893,6.6081762278585
U0137,29.88304093567252,24.66906131726077,313.93568337107575,10.505479815353024
U0138,45.02455106621774,14.756944444444443,275.08136835101175,6.109586033327656
U0139,31.47273225541244,32.04605385758175,495.20856722500724,15.734527374560722
U0140,55.87276864110435,6.481638170127163,196.32888825467262,3.5138564461657595
U0141,27.844222960502034,19.394960687960488,198.91548344705774,7.143869079385912
U0142,24.019271340111704,11.129863813757543,117.14446098379233,4.877103028024144
U0143,41.657947900053195,7.800454155523028,146.46018016418688,3.5157800023077916
U0145,39.28710998270047,20.086377653328558,349.9447623338039,8.907368408821549
U0147,32.73201345755693,10.42309300064195,141.33406851408103,4.317915507927632
U0148,35.99637802669528,14.517414865168142,198.424417948352,5.512343986419923
U0149,21.66477405078036,17.8100744279916,139.3476291112501,6.431990879970928
U0150,20.776465441819795,29.60283513828127,176.40322846780057,8.49053121965242
U0151,46.157942442782684,9.87186496948934,163.22677343246133,3.53626623705762
U0152,22.47477221514648,12.067229564549955,165.31358657972447,7.355517777764807
U0154,92.33902202856453,3.895237459369428,71.20308341215383,0.7711050198271276
U0155,22.074531133282598,34.23396473221375,404.8898652768763,18.341946328654235
U0156,43.07767944936087,6.290090287954712,106.40248437431674,2.470014302868754
U0157,23.33851221179542,12.696884141965679,146.78905646926822,6.289563582166998
U0158,48.09364548494984,6.462713434410414,179.3826116003132,3.729860978337527
U0159,22.18375078930751,11.927109269701296,112.09942401618845,5.053222292337506
U0160,59.367339170156065,4.269143239674783,109.36783616931079,1.8422223009834666
U0161,26.541442323380664,7.076326040035269,77.74626276383313,2.929240310928602
U0162,35.47460514250234,27.58314594233761,288.7684026008614,8.140144236725732
U0163,36.885587785919014,3.47732974932196,39.933262152869396,1.0826250725524245
U0164,100.88541666666666,4.520765504645395,192.9616983198456,1.9126817799385833
U0166,27.224841670619085,9.173069247775548,96.31624896869852,3.5378074970640707
U0167,19.069665592642394,8.771642858723267,78.05928538057115,4.093374632153413
U0168,15.733830845771138,31.823613855232004,277.3125119970877,17.625237916652853
U0169,27.21255417118094,14.062847600835399,228.95670863458741,8.413642732480463
U0170,55.233423268743365,2.6285545788683833,55.90477679454583,1.0121548418705815
U0171,31.754950323417802,10.801234865524762,166.67713859215488,5.248855277510487
U0172,27.031694632518864,10.969713844519848,145.37306737956018,5.377874726532232
U0173,70.96075240153027,15.105266970186593,431.98843061654895,6.0877092758564535
U0174,37.054906542056074,8.49771785027562,127.7412905497271,3.447351578251723
U0175,25.946336109188934,5.4653360590372175,61.38345522315701,2.365785094467267
U0177,49.76140350877195,13.223582883996256,335.7298402371948,6.746792022817691
U0178,30.06400302972922,24.597236273193552,247.81631495062808,8.24295802210941
U0179,41.03566107888211,8.144310221193388,75.24954483209764,1.8337597799983485
U0180,46.91680519274915,4.395662336485536,76.0594960339559,1.6211567629440944
U0181,28.077063416770052,15.046948817493087,205.44028519812898,7.317014680225506
U0182,23.430063177190746,10.882235770524494,114.15137196955456,4.872004446009405
U0183,45.70175438596491,9.454992639069681,123.63974945658397,2.705361120547135
U0184,32.13034394085502,11.249999999999986,182.93605496615533,5.6935604331811955
U0185,38.91233140655105,5.6647398843930645,134.85250377005713,3.4655467533192876
U0186,36.73461277729727,21.707762375846972,328.3491050138734,8.938412036748069
U0187,34.3793774086934,16.61298853812155,299.31608318184,8.706268284723297
U0188,13.4746543778802,12.101284625802432,72.52450424751176,5.382290499900832
U0190,30.617283950617292,23.2729238553952,218.34665755074306,7.131483573229913
U0192,29.42964471839369,6.574132680979132,86.72711169785353,2.94693029860631
U0194,16.018089186559045,21.895836382091368,162.9293081264041,10.17158203009132
U0195,36.27037820061075,19.514016404632297,235.28389026365076,6.486943393926035
U0196,57.9211196850584,10.433541730673534,234.33836251090938,4.0458189307303805
U0197,27.792777257722847,5.628763464791859,68.7293795590163,2.472922332363107
U0198,20.09555916664644,22.68307800495388,213.0399664863192,10.601345537073277
U0199,32.52284115034519,21.12521281019838,385.9994109285587,11.868563670196503
U0200,47.18716577540104,6.589253799167402,150.91410557615401,3.1982023733840457
U0201,21.778752436647167,14.217030000699047,151.81323737580988,6.970704029876079
U0202,35.98249092110607,11.33873275768796,215.14981720555855,5.979291919430714
U0204,44.352917495500634,23.60142211742453,441.13713988311963,9.946068145976431
U0205,35.06536896601461,13.04878048780488,174.64060805257745,4.980429785918959
U0206,21.01638565661365,39.47407702347771,397.84976042070804,18.93045583199548
U0207,21.561943888332785,12.346157162875635,91.01033809128644,4.220878162127689
U0208,31.35290482839,28.520192929423533,592.4293826666081,18.895518163604553
U0210,2.46268656716418,26.468137165427482,23.318148634744336,9.468581566835574
U0211,5.257180553182593,53.22098195923586,138.16833015699413,26.281830870988397
U0213,24.8886562441839,24.401310992756,176.76042415834183,7.102047712987641
U0214,53.1431049436253,6.740576634694906,124.41886002945083,2.341204191238647
U0215,68.275407675836,13.219533762755322,288.197027364631,4.221095664971468
U0216,23.85041649018777,16.710254997823593,145.86930855272297,6.116006762931567
U0217,54.23600483286346,25.816598009938502,556.6731199238723,10.263903501729997
U0218,45.444101508916305,15.421064234660737,298.6973163188008,6.572851182021835
U0220,99.60446570972888,5.575747261907123,173.68048346541278,1.7437017730867512
U0221,10.540540540540547,42.28120300751812,199.9959765294152,18.973977260482968
U0222,42.59897705872281,10.338784433188172,177.78841223393454,4.173537124819986
U0223,9.586725109580463,22.839099877407506,114.58459320198072,11.952422948632476
U0224,14.999999999999986,27.96228453787531,214.66439197836087,14.310959465224071
U0226,17.489816700611,43.695522769310365,356.50455216756836,20.38354994052705
U0227,38.594137076796024,18.091543084901517,226.04732152717915,5.857037846898401
U0229,56.18748895564585,7.116810906840569,194.47344194792956,3.461152038693988
U0231,18.855943908225285,35.03594339799563,223.99012290368583,11.879019368846208
U0232,50.014906303236785,12.578891863389451,98.3655135480497,1.9667239392925513
U0234,29.786643538594966,31.22583876605747,355.01896347958797,11.9187300515946
U0235,61.894303363074854,9.818484154618396,367.617774776078,5.939444420589325
U0236,40.571698474195244,5.401304060011208,102.56903376084462,2.5280931688398858
U0237,64.56790123456788,5.5057368191119975,127.34124965918242,1.972206734683323
U0239,28.49810606060607,11.675869960908404,140.55231071372975,4.931987775426948
U0240,45.967741935483886,7.872735867879134,144.53920817485564,3.144361721698613
U0241,67.48999486916367,17.50542223765976,317.726557139952,4.707757909241181
U0242,35.40146298009389,11.682849235424406,226.37614856994847,6.394542188757536
U0243,99.87336601307193,19.584381367086767,522.5303544075452,5.231928944290852
U0244,18.29859154929577,27.39922570654278,244.94096413683894,13.385782368931318
U0245,26.877616157388047,13.48133221066278,114.12337620020023,4.246037875231368
U0246,38.037891986062704,29.68864022967426,450.9481255222341,11.8552343985693
U0247,38.66666666666666,27.596051288605842,334.1630632715512,8.64214818805736
U0248,50.228344876041376,9.88554068744724,282.30517927937626,5.620435632033621
U0249,19.596370463078856,26.429738562091508,163.94779687414734,8.366232776780691
U0250,44.14871201329535,12.624191491049405,258.0518320325113,5.845059125502895
U0251,29.780827500913503,33.319159388676894,323.3801270684991,10.858668284438359
U0252,48.70163182407114,10.323860333308403,257.2998701281958,5.283187862321759
U0253,69.50779727095517,6.903785547880532,187.5506358567407,2.6982675788966692
U0254,11.65482047269851,48.97904755051561,158.65439248335676,13.612770171364343
U0258,24.992811568652144,23.502435973327987,302.6731910713808,12.110409836843495
U0259,24.484357871658652,13.649290296951463,160.41289834693737,6.551648166057069
U0260,34.907308377896626,4.190688688519615,76.62499824021091,2.1950990151028087
U0261,12.085007290131387,15.883620677670802,67.10438991375145,5.552697512110636
U0262,21.25685785536161,37.09842123521147,380.3279367256513,17.892011101241913
U0263,47.848178427997695,5.793172690763043,95.93285877617124,2.004942757027454
U0264,21.847672778561357,31.900090058090818,322.2154065520271,14.74827135218768
U0265,89.23913043478262,3.272275899087475,162.59269222577964,1.8219887557578227
U0266,23.81818181818182,16.407376860518642,182.0483115812965,7.64324972287886
U0268,34.68362344937975,15.216783336508135,283.92538194056726,8.186151091017127
U0269,58.10624908532124,15.340886484622379,486.0492327971155,8.364835804207864
U0270,34.44549068842854,15.247033245765019,257.42716245988163,7.473464808163134
U0271,33.73658046778732,26.889597567349817,466.411141223845,13.825086441976183
U0272,56.98924731182799,8.84489000278472,212.70941384672295,3.732448205234948
U0273,22.923689855960784,18.637644333020745,192.23514626325223,8.385872757446412
U0274,37.53754064865177,27.564711954786688,386.4688117182872,10.295528290880931
U0275,24.77777777777778,7.403046076730299,93.95455114605447,3.7918877144147545
U0276,49.117647058823515,15.94276094276093,593.3683237604791,12.080552699315147
U0278,73.17700676271687,24.381851855606943,738.1244216699623,10.086835391660637
U0279,13.082407407407413,15.691988656637307,63.85517067062665,4.880995422484022
U0280,15.13493494782945,12.863953920985399,102.3993114091922,6.76575827792888
U0281,36.72131147540985,24.269859496104566,446.3351198259657,12.15466174526067
U0282,60.97928113553116,11.119176759471763,255.0910929636529,4.1832420489951865
U0283,44.529322657433454,20.344724781278067,184.286946971353,4.138552665376985
U0284,33.9125839812788,11.351712615541434,124.48549906218783,3.6707759907327957
U0285,32.66666666666666,14.463308062110894,191.8231403349408,5.872136949028802
U0286,17.921058069849142,24.430620397152964,255.10669023678986,14.235023916695413
U0287,23.553307578955753,19.798279970816356,161.7899535707498,6.86909696348995
U0288,29.212336672976605,32.04340624202048,590.9949004302418,20.231004011978005
U0289,37.836724707417524,20.775569307483035,375.9229238383063,9.935398128279592
U0290,19.388888888888886,13.697252390234848,160.6761398545031,8.2870215397738
U0291,34.16725228390726,10.844039330160886,154.8041654029644,4.5307759639740475
U0293,45.60744646508124,11.176055562552623,172.4045678691415,3.7801846240424983
U0294,14.112903225806434,29.715567293382794,89.6315119040773,6.351032843488913
U0295,20.935846560846556,52.333272466881525,415.5336382459543,19.84795011934554
U0296,23.02052563811256,43.373259375253596,290.17762305750955,12.60516930061294
U0297,28.55844477464089,11.131790898541947,186.44381107008644,6.528500152628879
U0298,39.667592712236726,7.697930604716076,152.70149969556672,3.8495277695150154
U0299,27.34767220255921,5.725425602909559,74.69503923949829,2.731312511216523
U0300,42.48371359,10.62098866414491,259.5415150366917,6.109200281817729
U0301,15.696291605094629,34.117751165062884,252.82916637643524,16.107573224134875
U0302,30.79088607704118,9.405337739046105,187.62143187265318,6.09340801051356
U0303,18.65384615384616,35.58777384574626,389.7894675404306,20.895930218662254
U0304,36.43804918322817,6.63224987979612,125.94153109478673,3.456319257419399
U0306,16.275510204081627,29.893830786879718,241.75187794143596,14.85372040016347
U0307,13.454727977468579,30.961863374031317,151.4418879720541,11.255663304799636
U0308,83.96761133603235,13.758005969840406,495.8310483884668,5.905027432591676
U0309,25.653495440729486,24.25772054486413,218.54932509837573,8.51928056366891
U0310,56.3892826764956,16.490573095072193,219.08992256088484,3.8853113953905067
U0311,23.203053558819803,7.579297474109346,106.9803877165565,4.610616764097921
U0312,25.996389390362445,21.557669338035787,131.29974008424583,5.050691390740675
U0313,32.51112894986499,15.77105223271829,184.8760214010561,5.686545726731026
U0314,42.18302658486709,27.97927906075225,328.91430464969574,7.7973140212677805
U0315,44.80335895102303,13.558376370214116,232.69712100367232,5.193742756163575
U0316,16.065959952885763,7.339899981934061,46.99377694868055,2.925052538814498
U0317,38.47876521436194,1.9034568678856394,32.6136330220178,0.8475748335563787
U0318,31.847993086230076,27.316412510522596,254.5724634959967,7.99335966968872
U0319,28.080963855421686,11.622206213782,82.42355134476247,2.935210905477829
U0320,39.29116965588262,18.17551946538991,224.8494742433837,5.722646493159807
U0321,55.65301604869951,13.741945748940672,260.3236746329989,4.677620246227106
U0323,20.451374916163658,15.245215214706255,140.03319884235657,6.847128831992705
U0324,21.00401523190523,25.865038790535884,294.93880411787114,14.04202010241629
U0325,38.19149322581819,14.311436048947384,102.0277108254325,2.671477394773865
U0326,78.73660827621227,13.235117201611654,305.17105303740993,3.875847076963913
U0327,15.725106430032625,45.251726698345664,214.0648048219339,13.612932018895709
U0329,40.66397987130101,18.01165991504378,330.5594046609621,8.129047026561647
U0330,55.3808762392069,11.683905253141196,101.96151991542328,1.8410961840874525
U0331,23.8086191380862,21.79604827207899,322.44848200335224,13.543350840013122
U0332,25.262705798138853,26.719744405855103,144.55477175759685,5.722062114512154
U0333,19.73958333333333,24.664035883164924,294.40494700885756,14.914445864300967
U0334,39.01114955786238,8.229098312871757,84.96837140813015,2.178053514729239
U0335,26.64441445920035,10.64701734321491,114.14859697653596,4.284147326687463
U0336,17.292559830683246,22.02237795055745,171.33466347696702,9.907998882441769
U0337,31.554252199413483,21.043378045196043,350.52231214658406,11.108560264125018
U0339,17.28954739790653,51.91140720164133,476.68713340875973,27.57082776304939
U0340,48.446627423043765,16.66547725672717,335.75779937122473,6.930467965072852
U0341,34.92335920959775,13.112562320792096,185.06096278601953,5.299059625832342
U0342,26.639268926761382,7.994420480444041,119.40000738650542,4.482105260274545
U0344,24.186035023587834,28.052280769182143,317.8446187130212,13.141658746588183
U0346,31.355762568327037,21.495413122844006,124.49488804987779,3.9703989905712604
U0347,25.85498950581951,32.67305327363746,242.689506977287,9.386563739376564
U0349,34.97645646754687,10.44556550563298,93.97242177712064,2.686733627928077
U0350,21.428495958582076,25.816757613096236,218.48250485449685,10.195886135769365
U0351,15.91884008236103,18.492137903885883,115.84815361503594,7.277424298231516
U0352,18.80677666829031,9.850850224141006,67.84337156840985,3.607389653475231
U0353,33.85124650874109,23.956869328235797,326.54121025203386,9.64635704530745
U0355,35.348837209302324,11.24597207303975,148.1719275639251,4.191705845558407
U0357,47.536050156739805,5.668393168782071,117.95602969661623,2.481401574335306
U0358,23.253950977404344,37.507655749084144,487.2719735779783,20.954373476208673
U0359,34.19406278920766,24.324358611918445,282.85671944836326,8.272100369940203
U0360,33.26446280991736,32.806695592736745,260.7340922476759,7.838217431545038
U0361,21.172752304561243,40.23229245311279,293.0017541275994,13.83862380822724
U0362,36.09796596097965,21.829179221235623,289.7931742731018,8.027964084911481
U0363,29.811320754716974,22.356032125768017,156.01199183597106,5.233313650193967
U0364,19.860139860139853,6.704784615968831,64.47415283586713,3.2464098082848603
U0366,35.123780945236305,19.82832740245849,292.76885467923165,8.335345649026396
U0367,13.822079930932777,37.843059914974695,285.4002493033214,20.648140564186516
U0368,13.530092592592595,36.66554076115717,249.2420389345066,18.421310662054207
U0369,27.1467738987388,9.094714134435547,140.67027773959836,5.181841432220191
U0370,41.98237485236669,6.561214292203664,96.60409512293747,2.301063135724242
U0371,32.08191333982474,8.8937476354592,142.27662149940141,4.434792276643519
U0372,23.230206301521974,17.875595052779442,172.90070904765994,7.4429261110923495
U0373,13.943710314055267,20.356018820320408,87.90277953466433,6.304116878135247
U0375,10.864181180054302,14.188203660657866,68.78489088743555,6.3313460763815925
U0376,34.87394958,19.427249847363495,241.00906827519233,6.910862439664981
U0377,41.634835752482815,20.70138051341051,267.69809745950505,6.429666230724625
U0378,24.377250677063174,19.814906068972018,196.01762620362803,8.041006297238564
U0380,50.489510489510494,6.666666666666657,155.2662669938939,3.0752183074967903
U0381,43.13596768084837,12.836643095576948,197.14173825720383,4.570240308871786
U0382,26.830074487895715,13.790943615849727,200.552795766272,7.474925045651686
U0384,13.220338983050851,18.698029683113987,136.94949017357814,10.35899989774501
U0385,30.066666666666663,23.175596491228074,135.08953362222974,4.4930000096085285
U0386,15.625,27.013898017187504,215.1704251535839,13.77090720982937
U0388,14.285714285714278,4.842076782866253,34.93052737858496,2.4451369165009487
U0390,10.776505556118494,52.27908598244844,215.18110353286437,19.967614029641794
U0391,10.209909972459457,52.45943053980889,232.27119029794756,22.749582604007617
U0392,29.912653829918497,16.73556690075564,185.0166165910731,6.185229088768458
U0393,19.281066005577912,25.861037528280466,266.5925770808758,13.826651337833288
U0394,47.230788728824294,4.494716305140783,117.33863279691145,2.4843674212304934
U0395,23.373704946738656,30.519201408406275,378.77788321602884,16.205299248841587
U0396,25.038759689922486,28.51736238058148,463.44462632454986,18.50908879129007
U0397,31.963296084310002,8.263988113068814,150.9315670524889,4.722027623633518
U0398,29.6396369587859,16.717511521307127,218.0223898885609,7.355771266420112
U0399,10.743779300396682,15.508221288659014,54.5091198700035,5.073551712663245
U0400,28.39394109092587,25.266768913932268,326.0023743159514,11.48140630678899
U0401,68.6987046000947,22.360331828479918,417.39242188622165,6.075695667275308
U0402,50.65006373173842,10.575569847477295,206.55618314176422,4.078103124129569
U0403,41.860865290068844,6.841029248910197,116.88380777071127,2.7921976041532286
U0405,20.093732047289336,44.6987955524512,317.26966803056297,15.789484366761174
U0406,42.227436694167665,22.0565307606818,338.9554223275533,8.026900254032443
U0407,24.976958525345623,21.56417660841487,100.68524206558637,4.0311250052089
U0408,44.352743289375255,23.852648722428743,277.777422667075,6.262914130355875
U0409,39.3882887517147,33.77709319595199,400.9420789017848,10.179220565512141
U0410,18.174882629107984,17.726758416509078,123.92160905620725,6.8182893713844726
U0411,40.29991405914295,37.231290646700984,431.8160224657001,10.715060628466349
U0412,29.909090909090907,18.984933598363718,167.81730208746467,5.6109128357510984
U0413,42.439782439782455,12.529227138602106,197.86986793004257,4.662367631379801
U0414,39.144466103530426,3.5771770428497764,66.29370721085094,1.6935652420323069
U0417,14.386973180076652,32.18333249311019,208.37815534493615,14.483807868183288
U0418,41.65800128486695,7.690559805969594,76.60431084911215,1.838885891938846
U0419,20.618619324750654,29.385404313794307,339.7862163145359,16.479581438639567
U0420,34.014019669386926,7.448416397946014,98.76915248465413,2.90377772003077
U0421,30.20733129597798,1.973566854849135,29.090564895647955,0.9630299549010899
U0422,49.99999999999999,12.942525862088894,124.34075293407805,2.4868150586815614
U0423,33.39567621920564,19.732857263323098,323.1128203473026,9.675289047193555
U0424,62.547080979284374,6.208731959085069,157.80059277960765,2.5229089880608706
U0425,56.21342677011454,48.719296363831404,149.08097558709954,2.6520527950869806
U0426,26.42972934915055,6.246040967781033,52.87804284422621,2.0007031530924744
U0427,20.6122388414055,21.68279438156029,162.5743747644646,7.88727396452869
U0428,16.931818181818187,51.71407428432404,120.82870311514948,7.136191861834329
U0429,51.17915378553674,9.526206368311687,136.21634588611235,2.66155916639261
U0430,38.26486150015562,38.78010045037586,353.256487120519,9.231876799530095
U0431,34.34546615581098,32.51508821795701,216.23641552221636,6.295923151581126
U0432,19.06777162697763,22.645154544658748,106.41447957322697,5.5808555742648345
U0433,21.66666666666667,46.35236490240379,213.1506236513683,9.837721091601612
U0434,47.11286446288486,8.081200552735408,141.5927332986239,3.0053942784601757
U0435,81.76056338028171,7.627408965016714,171.76713747620815,2.100855600484199
U0436,40.7029890628884,12.224607300143353,176.59822851234412,4.3387041732854055
U0437,37.616007261918206,31.06551742404723,348.31499120406386,9.259754465134101
U0438,22.372881355932208,28.603485457830647,262.02966406416857,11.71193195438329
U0439,31.868764304601925,16.980748113497143,278.411778254434,8.736196220015682
U0440,16.333333333333343,30.247078424029418,134.69694045575602,8.246751456474854
U0441,22.663398692810475,34.47333006586684,358.5526506729856,15.820780260408581
U0442,29.735666136484156,4.722222222222221,63.54690506109157,2.137060080289331
U0443,57.053968253968264,14.544765207670372,229.613643278152,4.0244990892843235
U0444,60.750915750915766,17.013015732608835,446.8766752976432,7.355883771857496
U0445,28.58757062146894,10.471428474885194,79.72286479499869,2.7887247171373044
U0446,26.740900125515537,31.8608712005247,148.65456881705347,5.559071239909788
U0447,25.15738630196462,10.716679369911072,158.6712828338151,6.307144984350936
U0448,19.415164799480436,43.12043503791305,249.20754444297268,12.835716153676
U0449,24.691358024691354,23.803091147737806,285.6256647640267,11.567839422943083
U0450,15.21804062126644,18.27890536906936,123.49177573123154,8.114827578962961
U0451,73.73831775700936,13.96021150678461,272.3731397335008,3.6937802219879066
U0452,19.853440428380182,37.39049681279424,265.3207921099961,13.363970495044486
U0453,24.393969298245622,9.327983241579732,112.08926508453037,4.5949580289334735
U0454,39.10597449734945,11.763102675261147,160.9210631451616,4.114999439690951
U0455,54.304635761589395,12.776844428953138,254.4067551899064,4.684807321179984
U0456,15.255472199067654,29.502987381427022,104.34150590592735,6.839611684540596
U0458,12.290976776399816,41.99970314973545,148.83692903419185,12.10944677073811
U0460,39.33247200689062,21.621861100958437,213.59489787875597,5.430497677372947
U0461,45.01943294042687,22.590578266001074,378.62876887864337,8.410340693977059
U0462,12.796853123541553,20.772347747159746,129.39897225256158,10.11178068571519
U0463,42.25165562913908,16.199999999999996,395.9267359481898,9.370679800654647
U0464,23.006535947712436,20.461051191364135,163.79174515880356,7.1193571049139
U0465,19.18977795470633,20.809995582763666,116.68688097283051,6.080679059874835
U0466,41.864945259942715,4.577224434597111,25.550736060797732,0.6103133755974411
U0467,29.01322253091368,12.033764659897074,207.72364141168157,7.1596197626910065
U0468,58.31163761801017,9.579104654640709,224.16210434212644,3.8442086948505043
U0469,63.17077216187904,50.80387205387207,583.0509771451812,9.229758592329324
U0470,21.940211640211658,23.991031088764018,175.92074884875885,8.018188326239033
U0471,39.14862914862917,6.353752788255711,136.42443249427163,3.484781854719137
U0472,43.98887598732783,19.51108979524461,293.99047804575974,6.683291433280804
U0473,34.964940668824156,10.085638002807563,120.37798612425352,3.4428196879963915
U0474,43.17352306621653,19.963798432443966,258.61555994695374,5.990142605464634
U0475,23.105896100951455,26.766518290308415,179.4858689482579,7.767968321335394
U0476,25.135857461024486,23.16076176661022,93.84105087886405,3.733353876006555
U0477,14.212430821626228,42.45344521600175,222.35697081056315,15.64524560233676
U0478,23.95227720717917,7.856138079635647,60.97669117792815,2.545757576638756
U0479,75.92645914885077,6.819745073758367,169.71260055852542,2.235223431476117
U0480,24.056590413943354,11.382912440332031,99.50373946238898,4.136236172716977
U0481,28.43140838206628,8.323650447833455,102.17140842861158,3.593610525923098
U0482,24.14991624790619,18.356128607858746,184.36818567169544,7.6343198783424455
U0483,30.742000141904363,9.701063800555374,145.08041345356165,4.719289987114495
U0484,27.816764132553615,21.40343675280156,332.5849968291634,11.956279143192766
U0485,24.533897325659353,10.003768479168953,107.67771150381208,4.388936257232755
U0486,12.685331311413925,16.610948289993953,85.19473015179831,6.71600355247658
U0487,15.203458185418626,36.56079759708935,250.65303286331832,16.486580211317666
U0488,21.12945492662473,29.206359011109697,262.1421468501708,12.406479379638496
U0489,28.79673479075651,5.58044049508591,66.17441387864056,2.2979832387067005
U0490,32.6765536723164,13.693601200756278,215.8013408732372,6.604164656937621
U0491,34.74831184775937,13.842863331167438,162.6516666398766,4.680850895792932
U0492,29.75059737156512,40.70483860674682,384.71277189798803,12.931262088393792
U0493,82.90788930194134,13.56293566193237,231.38491991204626,2.7908673331360303
U0494,23.52976190476194,38.03411154698341,317.3754601641605,13.488256338876518
U0495,37.188705457095864,18.47608544886974,102.56334356376861,2.7579164776815004
U0496,38.48968729208251,30.338137009189623,540.442973107819,14.041240943492683
U0497,35.173544949635684,43.937680026157864,520.3839487712132,14.794754111828674
U0498,27.14470284237727,28.563397931448346,291.63084165505654,10.74356360975791
U0499,44.2375955531605,8.749214852697563,161.72893761956314,3.655916095738359
U0500,89.94708994709,12.621149650053203,447.08785417211743,4.970564966972361
U0501,38.303982831534455,17.03764288664602,258.1304997406817,6.738998941075419
U0502,25.92752130349284,20.054042491215938,318.4361356225875,12.281780888159535
U0503,25.106253794778397,36.35961431356161,503.82036654437616,20.06752463599969
U0504,176.44490475932926,17.103006168033943,394.0590943188381,2.233326572146328
U0505,11.828167530724102,16.681787480544834,-69.57883132340214,-5.882469211115632
U0506,20.794973544973544,46.07835529384083,411.48555725542644,19.78774131957906
U0507,34.513186177248684,9.525052660359146,150.44332654617548,4.359010083089596
U0508,53.506375227686746,12.04168207403756,239.798243173834,4.481676102210545
U0509,23.10061349693254,8.318136242896644,53.67320988237997,2.3234538723184595
U0510,56.70954001051092,9.428425450736546,288.3510736865864,5.084701333023359
U0512,26.640292480628617,17.727171875384553,191.90086453665594,7.2034068198086
U0513,16.43874643874645,30.325641839309714,209.59481629806695,12.750048617092107
U0517,31.32219887342032,14.264504636276945,154.2802058554124,4.925586689455986
U0518,27.534188034188034,30.597753124068902,359.7142737203283,13.06427751832327
U0519,37.08071253661113,31.29521613276441,450.690051211153,12.15429856603134
U0520,25.58399903171147,23.29680037954729,272.1881628408745,10.638999888308945
U0522,73.44161958568738,11.201390998540095,349.1892192801032,4.754650309320721
U0523,65.09326845093268,13.527691413505188,301.185948691099,4.626990714379828
U0524,60.62460765850594,10.116321878141685,241.60792798015927,3.985311201370892
U0525,19.03153153153154,19.442894348238063,195.03718073628457,10.248107484841455
U0526,28.34123222748815,21.231884057971016,259.577281637379,9.158997730014542
U0527,46.20607754897951,7.139901775908998,113.65069981238751,2.459648293926598
U0528,29.507623672148092,16.1034287202419,206.47451890908684,6.997327917800978
U0530,24.40872783947009,13.248147000526275,226.37990559666258,9.274547493237044
U0531,48.18908935494704,19.8273101058577,438.77699565502684,9.105318268687773
U0532,42.71171340736562,15.074146065922399,330.14868967895677,7.7296990296348715
U0533,40.83598319055278,14.022415408169273,227.97252724951323,5.582638385017595
U0534,15.943970959596001,26.547939742200153,236.11771710465513,14.809216455737827
U0535,24.950119118522927,14.270254877221335,152.00793642788094,6.092473374807677
U0536,38.429495819339124,20.35281317183536,438.40099441274475,11.407929900348195
U0537,30.792117823652443,5.570539760785436,77.70556110640877,2.5235536428975522
U0538,57.77092255207958,3.3106099533105446,56.13923657138711,0.97175592999711
U0540,41.566660235384944,16.827847162463527,193.22901694690393,4.648653893593586
U0541,20.880470051740772,19.046392788794005,184.91575376447767,8.855919110358416
U0542,39.61731971337094,13.522822941318353,165.34855830326794,4.173643232292224
U0543,77.7777777777778,10.81395348837209,255.40701975935454,3.283804539763129
U0544,76.31081081081079,14.324324324324326,394.1914537461768,5.165604316843827
U0545,36.05437178545185,21.67536651019671,304.36961328696606,8.441961354871838
U0546,12.937062937062947,29.038156288156287,101.27698521998096,7.828437235922846
U0547,66.13360739979447,18.857142857142854,252.69341013698312,3.820953068677884
U0548,33.31966449207828,14.85969934949526,99.30580241399505,2.9803962293079187
U0550,102.8205128205128,15.50089381158991,197.20173799949242,1.9179221401446898
U0551,16.051683220532652,23.06449304239768,117.2705407137442,7.3058095591954215
U0552,36.55892666565026,10.011768694730621,169.26736754104857,4.629987337677707
U0553,51.21212121212119,16.55465535496493,344.70197364108105,6.730866940920521
U0554,23.00684670977556,7.435790778666789,89.38379211929171,3.8850953043170726
U0555,20.4950495049505,44.221066843526486,315.01842811334615,15.370464366883068
U0556,18.311957982166838,26.306024581118123,205.7154169825189,11.233938892982145
U0558,23.28358208955224,36.677982269105605,234.82465657953082,10.085417942838824
U0559,33.25376464026771,20.97778183459779,247.9834946207209,7.457305881104128
U0560,17.662337662337677,24.320987654320987,166.20998714006234,9.410418389547639
U0561,21.621621621621628,41.022749180643906,473.1932785063968,21.885189130920846
U0562,21.590909090909093,17.689766373976905,122.89983296926499,5.692202790155431
U0563,55.94733335391328,2.6379930975926387,42.612603462087435,0.7616556662768426
U0564,22.658227848101276,29.375,231.33766252077908,10.209874491140525
U0565,55.96347031963475,5.354697815657089,69.37961426102746,1.2397303788483192
U0566,65.39331970006813,15.754061146675722,285.0502834944351,4.359012278346501
U0567,21.358944693979446,14.018728737776806,168.97491016635462,7.911201259582101
U0568,24.866666666666674,14.610042735042732,130.39622519426675,5.24381602657909
U0569,32.42194092827002,29.24050632911392,484.00914855230775,14.928444587050627
U0570,16.135064935064946,10.38961038961039,52.282762868779045,3.2403193342691434
U0571,42.8396914480155,36.0319323554412,389.5078333318987,9.092218458308766
U0572,78.1576737135366,11.322198737365277,186.36173111991815,2.384432932369135
U0573,77.19716568550089,16.553011636753475,189.54354659686635,2.4553174318479707
U0574,89.9828065070758,15.979169140417032,338.08104947720847,3.7571738713286686
U0576,42.58632807725219,15.021467045724615,229.29381012370908,5.384211799330689
U0577,31.875997615338747,3.2561208992942707,34.9766773054507,1.097273181141785
U0578,35.63563563563562,23.714520867875752,172.92435230482312,4.852568200913437
U0579,116.2920089159268,20.816676657716588,432.18439996855506,3.7163722941702932
U0580,52.988580758757664,11.602915215422755,366.02989317164673,6.9077127171622035
U0582,18.166755485589874,24.31416558613973,183.12352646872264,10.08014483455666
U0583,52.211922052280684,13.1758669497523,252.36188642372574,4.83341498462806
U0584,53.54151965335811,5.947309856031541,69.87251059998604,1.3050154544054609
U0585,83.8593030900723,10.94017094017094,125.78624933435427,1.4999677400043345
U0586,12.054398148148167,16.284260991663842,43.168963682021776,3.581179512363587
U0587,28.654617773761515,13.862852602118295,198.70933271007436,6.934635606691941
U0588,65.00280583613919,14.782585923324456,222.1912265152059,3.4181790102309044
U0589,20.26087113067129,32.638491154384624,323.23673972433147,15.953743431841367
U0590,61.22807017543858,17.7900082616514,159.6762579889814,2.607893038788522
U0591,52.34946773120424,41.032700765291935,231.26818821542065,4.417775351659732
U0592,65.60334528076467,17.868487706722018,279.8691287461058,4.266080144973419
U0593,60.47792738336621,23.422300169732804,338.8478668801107,5.602835307701155
U0594,78.7375149385442,18.37788377824876,561.4211017250517,7.130287286349452
U0595,77.53900757861526,7.922398514159822,250.00267262597896,3.224218112058066
U0596,31.379310344827573,31.22403710425486,201.7664127372319,6.42991864767003
U0597,21.3902880020664,25.258361045617093,224.3948940724174,10.490503636544764
U0599,32.63522494887526,15.924901197346777,232.1218134877119,7.112615704391268
U0600,37.06185703213076,29.183800528538242,382.1233803947601,10.310421845928508
U0601,39.85261566839358,13.311476874590975,106.31026076700368,2.667585526922302
U0602,21.017132707491157,31.386745212455974,166.737084084058,7.933388745488948
U0603,28.55231007688971,20.653951504310943,272.9980223146454,9.56132871839363
U0604,37.872219884923574,42.52621621762721,392.9053441540157,10.374499972483157
U0605,82.09262356001486,26.10076080895771,727.8027145859419,8.865628640237968
U0606,20.60835510601978,8.235262429339068,55.16784253007659,2.676964864311847
U0607,49.29262734677941,6.460072912500264,123.86305121589676,2.5128108985651276
U0608,11.908673160530526,32.44371232316974,127.45368902152573,10.702593589011366
U0609,198.72933022243586,21.152554389788968,340.99391089654785,1.7158710821139314
U0610,48.79495062418482,19.791724464110455,317.47209495594734,6.506248923194829
U0611,49.73628662294895,11.980619464298536,160.2129498331419,3.2212487242507084
U0612,69.17235892261114,28.852099328734127,232.66946989489202,3.3636191322490343
U0613,49.92153305363422,22.471104992153762,347.32792569465994,6.957477153626293
U0614,49.736347428046656,16.703266212481502,111.90746881654191,2.2500138149154987
U0615,69.06545414942279,20.52806232411831,292.2819580035681,4.231955926492823
U0619,18.158957686813487,22.5458126961211,192.0749591106059,10.577422031776925
U0620,47.41028694757559,6.059516277271152,64.89760099376416,1.3688506265639215
U0621,29.971370029647503,20.39240152014627,185.16895088855958,6.178194413715207
U0623,45.137323457698834,7.7517492292904295,166.68735998372514,3.6928941996292464
U0624,56.87987537086633,30.377877877877875,320.7392039752656,5.638887249382882
U0626,59.51515151515153,17.17031377476971,357.5806352665327,6.008228596637259
U0627,12.970069329417882,15.85663604088802,100.47789290353528,7.746904843109647
U0628,32.4920634920635,16.308508436946372,210.41047258503812,6.475749766906398
U0629,12.827950590715908,16.61982404788389,98.48136028005415,7.6770922668917185
U0630,111.01162057472293,17.008925078241997,472.396530957255,4.255379108165353
U0634,7.968163877018021,26.39228967288248,67.7795453827804,8.506294100987539
U0635,18.043391994478945,20.990634547811997,188.39419359378894,10.441173901860317
U0636,22.82539682539683,20.33351179199956,225.10397229051742,9.86199600438289
U0638,13.834753585664473,42.561487133023526,106.04812022927698,7.665342181386136
U0639,61.04475904475905,10.249193125906144,135.1347743983777,2.2136998574979154
U0640,34.140421260874966,18.023439157167058,85.15604958261144,2.4942881908783168
U0641,24.210526315789487,49.59480100994589,619.7265823879704,25.59740231602485
U0642,66.9955479415839,11.30143683478647,399.0334852563653,5.956119436537762
U0643,26.890756302520998,16.63794242050076,274.33755777636077,10.20192792980842
U0644,22.747374922791856,31.710231758748936,327.4145687868393,14.393510015908891
U0645,35.70287258415085,8.596467839759496,85.127764409496,2.384339361177502
U0647,97.82887297399174,6.460154615841908,161.06683639094464,1.6464141055142791
U0649,68.06960657155211,17.98261890934783,212.50815610663824,3.1219242597393
U0651,37.680094254937174,17.420733777342047,262.4010667050107,6.963917471374919
U0653,68.88888888888891,46.14581325107643,234.26210457604498,3.4005789373942
U0654,18.74585353406482,8.488729588467654,70.56365988061462,3.764227633187621
U0655,17.891974366798905,19.037200215840947,114.83775996375546,6.418395064149723
U0658,48.11354827343206,5.954608869901835,114.26521657190509,2.374907290614471
U0659,26.273929749396444,8.781465616544779,162.17634431861302,6.172519522791922
U0660,20.99315068493152,27.262823916717192,255.57691603758835,12.174300078788866
U0661,58.78918918918927,18.39088875002519,264.1240827116688,4.492732190295941
U0662,22.103825136612016,13.441467398003201,150.49444705446714,6.808525045974658
U0663,62.054184704184706,13.39964845444963,300.52275412275867,4.842908750721086
U0664,18.83429969569869,16.42798550293757,187.17423668957133,9.937945116818838
U0665,18.918918918918905,32.213701822122964,162.11662803501065,8.569021767564855
U0666,29.487179487179475,14.552514792899382,142.42635356610006,4.830111120937309
U0669,46.7434695108513,19.37494309743786,429.35030490752115,9.185246824860728
U0670,43.548387096774206,16.630497289008144,318.50672507470375,7.313858131345047
U0671,42.56944444444443,10.179115785918723,90.2178829537681,2.119310790431095
U0672,136.5054200542005,13.95041703836083,139.3027782858833,1.0204926531896836
U0673,56.36363636363636,11.532167447443426,245.86947191301863,4.362200308134201
U0674,17.693981145757817,33.98832577871545,270.500643385473,15.287720788056015
U0676,21.485233207275343,20.2223442399961,113.93920761020821,5.303140371388943
U0677,13.278688524590166,25.315394220317817,170.14788742359747,12.81360633683882
U0678,56.40232619614068,30.495922959297918,404.94833121162344,7.179638829139852
U0680,20.16129032258067,24.126984126984098,257.6017559390078,12.77704709457477
U0682,29.746619309627476,4.1102033996766325,44.626832329448064,1.500232072254497
U0683,12.363636363636367,16.786435168976894,62.90603833670364,5.08798839488044
U0684,12.78939116801672,28.849899901751204,171.35258070395682,13.398024851446376
U0685,38.494820231566166,18.40702025788651,364.3262181716019,9.464291974348551
U0686,38.36734693877554,15.561442381463868,327.43520644813344,8.534215487211982
U0687,28.230549050221185,22.75209907553531,164.95588880202257,5.843169699199674
U0688,64.25700687466954,7.41295839218539,81.41081042416009,1.2669561559714146
U0689,18.644067796610187,14.740222431977708,146.4219560000852,7.853541276368198
U0690,70.35686728395062,13.700115848808663,193.18620956061736,2.74580459617317
U0693,29.071112452222906,37.30397150031026,551.3917787027932,18.966999615476748
U0694,12.366364488902803,21.736373891888768,71.98985673150322,5.821424461174884
U0696,37.741935483870975,29.036281179138328,571.25636223944,15.13585233283986
U0697,88.0399547681869,23.81730388629234,398.85384086660633,4.530373077959958
U0698,20.316387236343957,20.720445427831525,202.7877391815156,9.981486217133572
U0699,10.625521267723087,30.83180736178272,124.21482845020623,11.690233854929158
U0700,61.911764705882305,13.674535603715158,244.18963990350707,3.9441557039046304
U0702,36.369578134283984,16.882436931626827,147.81342863160393,4.064205201551864
U0703,65.00000000000006,11.43743233824204,295.0067632433797,4.538565588359684
U0704,22.210215408286615,25.849190298701057,245.88924857442686,11.070997919393694
U0705,34.6596552731522,17.88022195544325,345.1937935930622,9.959527608471445
U0706,30.195933456561875,13.084590349419315,235.2025094068749,7.789211409715936
U0708,36.71810699588475,10.382949385599257,142.6306241612866,3.884476511201195
U0709,51.8001586042823,21.669867270947332,204.24899603398737,3.9430187385005837
U0711,21.666666666666657,25.33283662643554,350.2724832611275,16.166422304359738
U0712,113.84615384615388,17.231197446278387,391.9237384823133,3.442573378560859
U0713,69.34477379095166,11.53081348395436,175.60065811333502,2.532283956145055
U0715,27.951344430217688,19.042454397886303,236.43802963810413,8.458914390625708
U0716,41.91268191268193,19.080916734224296,325.84628701891387,7.77440793929055
U0717,122.93970893970895,8.254984066865273,535.8362526184583,4.358528723060818
U0718,44.23680555555555,7.820126247636603,159.9964757695988,3.6168180265336853
U0719,27.244655581947768,10.726217142162486,111.9262192030117,4.10818991146189
U0720,71.95930670685752,19.773144893420195,311.69518384447287,4.331547899901726
